<annotation>
  <folder>dioscorea</folder>
  <filename>dioscorea_nyh_2251_2650/00643767.jpg</filename>
  <source>
    <database>Unknown</database>
    <annotation>Unknown</annotation>
    <image>Unknown</image>
  </source>
  <size>
    <width>3750</width>
    <height>5500</height>
    <depth></depth>
  </size>
  <segmented>0</segmented>
  <object>
    <name>Good Quality Leaf</name>
    <truncated>0</truncated>
    <occluded>0</occluded>
    <difficult>0</difficult>
    <bndbox>
      <xmin>370.1</xmin>
      <ymin>1842.22</ymin>
      <xmax>1022.58</xmax>
      <ymax>2417.18</ymax>
    </bndbox>
    <attributes>
      <attribute>
        <name>rotation</name>
        <value>0.0</value>
      </attribute>
    </attributes>
  </object>
  <object>
    <name>Good Quality Leaf</name>
    <truncated>0</truncated>
    <occluded>0</occluded>
    <difficult>0</difficult>
    <bndbox>
      <xmin>2308.19</xmin>
      <ymin>2783.33</ymin>
      <xmax>2754.72</xmax>
      <ymax>3494.99</ymax>
    </bndbox>
    <attributes>
      <attribute>
        <name>rotation</name>
        <value>0.0</value>
      </attribute>
    </attributes>
  </object>
  <object>
    <name>Good Quality Leaf</name>
    <truncated>0</truncated>
    <occluded>0</occluded>
    <difficult>0</difficult>
    <bndbox>
      <xmin>1870.45</xmin>
      <ymin>1353.52</ymin>
      <xmax>2296.64</xmax>
      <ymax>1781.96</ymax>
    </bndbox>
    <attributes>
      <attribute>
        <name>rotation</name>
        <value>0.0</value>
      </attribute>
    </attributes>
  </object>
  <object>
    <name>Good Quality Leaf</name>
    <truncated>0</truncated>
    <occluded>0</occluded>
    <difficult>0</difficult>
    <bndbox>
      <xmin>2194.69</xmin>
      <ymin>1989.44</ymin>
      <xmax>2721.92</xmax>
      <ymax>2344.61</ymax>
    </bndbox>
    <attributes>
      <attribute>
        <name>rotation</name>
        <value>0.0</value>
      </attribute>
    </attributes>
  </object>
</annotation>
