<annotation>
  <folder>dioscorea</folder>
  <filename>dioscorea_nyh_2251_2650/00643765.jpg</filename>
  <source>
    <database>Unknown</database>
    <annotation>Unknown</annotation>
    <image>Unknown</image>
  </source>
  <size>
    <width>3750</width>
    <height>5500</height>
    <depth></depth>
  </size>
  <segmented>0</segmented>
  <object>
    <name>Good Quality Leaf</name>
    <truncated>0</truncated>
    <occluded>0</occluded>
    <difficult>0</difficult>
    <bndbox>
      <xmin>2279.16</xmin>
      <ymin>1932.05</ymin>
      <xmax>2632.08</xmax>
      <ymax>2695.65</ymax>
    </bndbox>
    <attributes>
      <attribute>
        <name>rotation</name>
        <value>0.0</value>
      </attribute>
    </attributes>
  </object>
  <object>
    <name>Good Quality Leaf</name>
    <truncated>0</truncated>
    <occluded>0</occluded>
    <difficult>0</difficult>
    <bndbox>
      <xmin>1056.98</xmin>
      <ymin>3726.35</ymin>
      <xmax>1518.89</xmax>
      <ymax>4433.74</ymax>
    </bndbox>
    <attributes>
      <attribute>
        <name>rotation</name>
        <value>0.0</value>
      </attribute>
    </attributes>
  </object>
  <object>
    <name>Good Quality Leaf</name>
    <truncated>0</truncated>
    <occluded>0</occluded>
    <difficult>0</difficult>
    <bndbox>
      <xmin>1365.46</xmin>
      <ymin>1593.99</ymin>
      <xmax>2069.62</xmax>
      <ymax>2398.29</ymax>
    </bndbox>
    <attributes>
      <attribute>
        <name>rotation</name>
        <value>0.0</value>
      </attribute>
    </attributes>
  </object>
</annotation>
