<annotation>
  <folder>dioscorea</folder>
  <filename>dioscorea_nyh_2251_2650/00643759.jpg</filename>
  <source>
    <database>Unknown</database>
    <annotation>Unknown</annotation>
    <image>Unknown</image>
  </source>
  <size>
    <width>3750</width>
    <height>5500</height>
    <depth></depth>
  </size>
  <segmented>0</segmented>
  <object>
    <name>Good Quality Leaf</name>
    <truncated>0</truncated>
    <occluded>0</occluded>
    <difficult>0</difficult>
    <bndbox>
      <xmin>1101.82</xmin>
      <ymin>2077.02</ymin>
      <xmax>1507.45</xmax>
      <ymax>2531.25</ymax>
    </bndbox>
    <attributes>
      <attribute>
        <name>rotation</name>
        <value>0.0</value>
      </attribute>
    </attributes>
  </object>
  <object>
    <name>Good Quality Leaf</name>
    <truncated>0</truncated>
    <occluded>0</occluded>
    <difficult>0</difficult>
    <bndbox>
      <xmin>1396.76</xmin>
      <ymin>3055.28</ymin>
      <xmax>1747.33</xmax>
      <ymax>3368.38</ymax>
    </bndbox>
    <attributes>
      <attribute>
        <name>rotation</name>
        <value>0.0</value>
      </attribute>
    </attributes>
  </object>
  <object>
    <name>Good Quality Leaf</name>
    <truncated>0</truncated>
    <occluded>0</occluded>
    <difficult>0</difficult>
    <bndbox>
      <xmin>1896.51</xmin>
      <ymin>4311.58</ymin>
      <xmax>2111.96</xmax>
      <ymax>4506.29</ymax>
    </bndbox>
    <attributes>
      <attribute>
        <name>rotation</name>
        <value>0.0</value>
      </attribute>
    </attributes>
  </object>
  <object>
    <name>Good Quality Leaf</name>
    <truncated>0</truncated>
    <occluded>0</occluded>
    <difficult>0</difficult>
    <bndbox>
      <xmin>2020.01</xmin>
      <ymin>3654.85</ymin>
      <xmax>2476.42</xmax>
      <ymax>3929.01</ymax>
    </bndbox>
    <attributes>
      <attribute>
        <name>rotation</name>
        <value>0.0</value>
      </attribute>
    </attributes>
  </object>
  <object>
    <name>Good Quality Leaf</name>
    <truncated>0</truncated>
    <occluded>0</occluded>
    <difficult>0</difficult>
    <bndbox>
      <xmin>1610.22</xmin>
      <ymin>2618.46</ymin>
      <xmax>2042.49</xmax>
      <ymax>2797.6</ymax>
    </bndbox>
    <attributes>
      <attribute>
        <name>rotation</name>
        <value>0.0</value>
      </attribute>
    </attributes>
  </object>
</annotation>
